ID,Timestamp,Tweet URL,Group,Collector,Category,Topic,Keywords,Account handle,Account name,Account bio,Account type,Joined,Following,Followers,Location,Tweet,Tweet Type,Date posted,Content type,Likes,Replies,Retweets,Satire VS Non-Satire
01-1,30/12/99 06:37:52,https://twitter.com/suilreem/status/1630604105784893440,01,"Jallorina, Clyde",GOVT,Sen. Alan Cayetano 10k 'ayuda',ayuda cayetano 10k,@suilreem,Eldong (ë‹¬ë¹›ì´ ë‹¿ëŠ” ì´ ìˆœê°„ì„ ê±·ëŠ” moon walker),"10/01/22 JayB, 12/17/22 Seventeen, 01/15/23 Itzy, 03/12/23 Skz, 03/25/23 Blackpink (soon) http://suilreem.carrd.co",Anonymous,07/22,934,723,No Location,"May 2k nako sa wallet 10k na ayuda bawat pamilya nalang ni Cayetano kulang para makabili ako ticket
#EXOSCinMNL",Image,23,Emotional,0,0,0,Satire
01-2,17/04/23 14:40:07,https://twitter.com/betinacastle/status/1577990903473455104,01,"Cantor, Kathryn",GOVT,Sen. Alan Cayetano 10k 'ayuda',ayuda cayetano 10k,@betinacastle,Betinacastle,null,Anonymous,04/21,184,119,No Location,"Ini-stalk mo pala si BBM tungkol sa gold nila hahaha

Isa ka sa 31M na sinabi mong nagtatanong.. 

Ikaw rin ba yun nagtatanong sa 10k ayuda ni cayetano?",Reply (comment),18,Emotional,0,0,0,Satire
01-3,29/30/23 23:42:27,https://twitter.com/SassaWits/status/1552313197339611136,01,"Cantor, Kathryn",GOVT,Sen. Alan Cayetano 10k 'ayuda',ayuda cayetano 10k,@SassaWits,Sassa Wits,The secret to change is to focus all your energy not on fighting the old but on building the new. - Socrates.,Anonymous,10/21,289,251,No Location,"half-joking:

Ang bilis ng 10m ayuda ni PBBM. Ang 10k ni Cayetano kailan kaya?","Text, Reply",15,Emotional,1,0,0,Satire
01-4,02/04/23 06:53:33,https://twitter.com/Homeboy56581258/status/1539993369203462144,01,"So, Shane",GOVT,Sen. Alan Cayetano 10k 'ayuda',cayetano 10k ayuda,@Homeboy56581258,FERDINANDAYA,"BABY-M LiiT TiTi
Pekesident
MARCOS MAGNANAKAW",Anonymous,02/20,4389,2759,No Location,Baka makuha yung winning combination para sa 10k ayuda ni ellen peter cayetano,"Text, Reply (quote tweet)",14,Emotional,4,0,0,Satire
01-5,10/03/23 21:03:58,https://twitter.com/philippinepdns/status/1609961698357837826?s=46&t=XyA1XgR8_NhXCeQyTg_crA,01,"Cantor, Kathryn",GOVT,Sen. Alan Cayetano 10k 'ayuda',ayuda cayetano 10k,@PhilippinePDNS,Philippine Daily New Society,The Country's Greatest Political Satire â€¢ Satire Account | Not a source of factual information,Anonymous,2/22,2191,4244,"Makati City, National Capital","JUST IN: Senator Alan Peter Cayetano assures public that the 10k pesos 'ayuda' will be distributed among Filipino families on the next global pandemic as Covid-19 nears end 

{Alt-text image: illustration of a Cayetano with caption}","Text, Image",9,Rational,20,3,1,Satire
01-6,24/03/23 06:03:16,https://twitter.com/hoshihoxytxt/status/1633380774597779464,01,"Jallorina, Clyde",GOVT,Sen. Alan Cayetano 10k 'ayuda',ayuda cayetano 10k,@hoshihoxytxt,dadi ChAnâœ¿âœ¢,"u can call me by my dn |

10.27.22 saw txt

FAN ACCOUNT ONLY",Anonymous,03/20,3302,2502,No Location,cure use lang nasan na yung ayuda na 10k ni cayetano,Text,23,Emotional,0,0,0,Satire
01-7,24/03/23 05:12:30,https://twitter.com/ssameli000/status/1633445467098087429,01,"Jallorina, Clyde",GOVT,Sen. Alan Cayetano 10k 'ayuda',ayuda cayetano 10k,@ssameli000,KB_Enca Ğ¼Ò½â„“,KapusoBrigade - EncaBattalion TEAM ALENA ğŸ’š KAPUSO,Anonymous,11/22,89,41,"National Capital Region, Repub",Baraaaaaang kinilig ako mga 10k na ayuda ni Cayetano. Huhuhu. Naiiyak ako sa kilig.,Text,23,Emotional,26,0,1,Satire
01-8,24/03/23 07:03:55,https://twitter.com/ncpl__cm/status/1621518649931739137,01,"Jallorina, Clyde",GOVT,Sen. Alan Cayetano 10k 'ayuda',ayuda cayetano 10k,@ncpl__cm,61313,"ğ“«ğ“ªğ“·ğ“°ğ“½ğ“ªğ“·, ğ“¶ğ”‚ ğ“¼ğ“¸ğ“µğ“ªğ“¬ğ“®.âœ¿ || 
ï½¡ ğ“¼ğ“¾ğ“°ğ“ª, ğ“¿ , ğ“³ğ“²ğ“¶ğ“²ğ“· ğ“«ğ“²ğ“ªğ“¼ğ“®ğ“­. â™¡â Ë– ã€‚

      âˆ˜â Ëšâ Ë³â Â° ğ“¶ğ“²ğ“µğ“²ğ“½ğ“ªğ“»ğ”‚ ğ”€ğ“²ğ“¯ğ“®ğ“¾ ğ“®ğ“»ğ“ª. .â *â ï½¥â ï½¡ï¾Ÿ",Anonymous,5/21,33,12,No Location,"daming ayuda ng bangtan today ah, parang kahit hindi na matuloy ang 10k bawat pamilya ni cayetano basta ba ganto tayo araw araw jungkook eh. emz.",Text,22,Emotional,0,0,0,Satire
01-9,24/03/23 07:03:53,https://twitter.com/iamshanwein/status/1623350576192049152,01,"Jallorina, Clyde",GOVT,Sen. Alan Cayetano 10k 'ayuda',ayuda cayetano 10k,@iamshanwein,I Am Shanwein,"A vlogger, photographer and ... nothing follows",Anonymous,2/12,641,1530,No Location,"paano hindi tayo magiging republic of ayuda eh yan din naman ang mga pangako ng mga politiko hindi ... 

which reminds me - nakakuha na ba kayo ng 10k ni Cayetano?",Reply (Quote Tweet),22,Emotional,0,0,0,Satire
01-10,24/03/23 07:03:52,https://twitter.com/motivesaid/status/1624317519413776386,01,"Jallorina, Clyde",GOVT,Sen. Alan Cayetano 10k 'ayuda',ayuda cayetano 10k,@motivesaid,erwin,virgo,Anonymous,8/17,599,901,No Location,abi nakog hadlok hadlok ni kingina mo cayetano asa naman ang 10k nga ayuda!!!!!,Reply (Comment),22,Emotional,0,0,0,Satire
01-11,30/12/99 06:42:20,https://twitter.com/mybenchbody737/status/1627762940324761600,01,"Jallorina, Clyde",GOVT,Sen. Alan Cayetano 10k 'ayuda',ayuda cayetano 10k,@mybenchbody737,LowKarL,ğŸ‡µğŸ‡­/Libra/travel/coffee/cuddle/movies.Loves to Cook.,Anonymous,8/13,532,512,No Location,Yun mas mauuna pa pala magka Ayuda si Cayetano kaysa sa mga Taong Bumoto sa kanya. 10k NgaNga.ğŸ˜‚ğŸ˜‚,Text,22,Emotional,2,0,0,Satire
01-12,11/03/23 21:20:00,https://twitter.com/jmschumey/status/1628184416504926208?s=46&t=XyA1XgR8_NhXCeQyTg_crA,01,"Cantor, Kathryn",GOVT,Sen. Alan Cayetano 10k 'ayuda',ayuda cayetano 10k,@jmschumey,Joel Cochico,A visually impaired idealist who will not sit idly by while his country is ravaged.,Anonymous,04/14,3298,5252,No Location,Villanueva & Cayetano promised a â‚±10k ayuda for Filipinos during the campaign. Approved na ang natâ€™l budget wala pa ang ayuda. Trapong trapo talaga ang dalawang ito.,Text,22,Emotional,365,14,1,Satire
01-13,24/03/23 07:52:18,https://twitter.com/babybea59211498/status/1602101467493863424,01,"Jallorina, Clyde",GOVT,Sen. Alan Cayetano 10k 'ayuda',ayuda cayetano 10k,@babybea59211498,babybear,loving caring passionate  smart cuddly  ur baby na virgin pa...  health advocate...  a friend who will ve wu tru tik n tin,Anonymous,3/20,2467,606,No Location,Cayetano asan na 10k ayuda mo na pinagloko mo at nanalo kang sinungaling ka,Reply (Comment),20,Emotional,0,0,0,Satire
01-14,02/04/23 07:19:21,https://twitter.com/Dudes35414433/status/1535407977364357120,01,"So, Shane",GOVT,Sen. Alan Cayetano 10k 'ayuda',cayetano 10k ayuda,dudes35414433,Dudes,null,Anonymous,10/19,322,128,No Location,Kung sinasabi ni bitter Senador Allan Peter Cayetano impossible daw ang 20 pesos na bigas bawat kilo eh yung 10k na ayuda magiging posible kaya ngayong Senador na siya ng bayan.,Text,19,Emotional,2,1,0,Satire
01-15,31/03/23 03:44:37,https://twitter.com/CatMich10/status/1535441900198473728,01,"So, Shane",GOVT,Sen. Alan Cayetano 10k 'ayuda',cayetano 10k ayuda,@CatMich10,â¤MichğŸ’š,null,Anonymous,02/22,1219,939,No Location,Kapal ng mukha ni Cayetano.. may  kondisyon pang nalalaman.. Ung 10k na ayuda di pa namin nakakalimutanğŸ˜‚ğŸ¤£,Reply,19,Emotional,22,0,4,Satire
01-16,19/04/23 06:40:56,https://twitter.com/silvermillsoy/status/1535475337546436608,01,"So, Shane",GOVT,Sen. Alan Cayetano 10k 'ayuda',cayetano 10k ayuda,@silvermillsoy,Glaze,null,Anonymous,02/18,186,882,Makati,Senator @migzzubiri pakisabi kay Cayetano na pakibilisan ang 10K ayuda na pangako nya.ğŸ¤£ğŸ¤£ğŸ¤£,Text,19,Emotional,2,0,0,Satire
01-17,19/04/23 06:39:08,https://twitter.com/ellaechojoshua1/status/1535558088790401024,01,"So, Shane",GOVT,Sen. Alan Cayetano 10k 'ayuda',cayetano 10k ayuda,@ellaechojoshua1,@ella_echo_joshua,"A God believer, a mother,
Process Graphics Discipline Lead
Uniteam advocate",Anonymous,02/22,55,88,No Location,Agree and the 31 M must always remind him for the 10k ayuda. I am waiting for his promise  #Cayetano,"Text, Reply (comment)",19,Emotional,2,0,0,Satire
01-18,24/03/23 08:55:19,https://twitter.com/alexand13168897/status/1594557431471693825,01,"Jallorina, Clyde",GOVT,Sen. Alan Cayetano 10k 'ayuda',ayuda cayetano 10k,@alexand13168897,alexander pintado,A person who first put God first than others,Anonymous,10/21,51,21,No Location,Isama ang 10k ang Cayetano budol ayuda diyan,Reply (Comment),19,Emotional,0,0,0,Satire
01-19,24/03/23 08:55:17,https://twitter.com/ElfuzTea/status/1594562074385928192,01,"Jallorina, Clyde",GOVT,Sen. Alan Cayetano 10k 'ayuda',ayuda cayetano 10k,@ElfuzTea,ELâ¤ï¸CRYPTO TO GCASH ğŸ“Œ $1=53// no fee,"CRYPTO TO GCASH #Elfuztea Gcash trader of @crypto_inez
@Strawgoz
#GenSquad",Anonymous,2/14,3646,13100,No Location,Sheeet akala ko $10k ayuda ni cayetano?ğŸ˜‚,Reply (Comment),19,Emotional,0,0,0,Satire
01-20,24/03/23 08:55:16,https://twitter.com/PopoyMakata/status/1595255714343440384,01,"Jallorina, Clyde",GOVT,Sen. Alan Cayetano 10k 'ayuda',ayuda cayetano 10k,@PopoyMakata,Popoy Makata,null,Anonymous,7/22,75,0,No Location,"Cayetano muling minungkahi ang 10K Ayuda. #SampungLibongPagAsa #10kAyudaBill @sonnyangara
 #SenatePH","Text, Video",19,Rational,7,0,1,Satire
01-21,24/03/23 08:55:15,https://twitter.com/emzky0925/status/1595686285536120833,01,"Jallorina, Clyde",GOVT,Sen. Alan Cayetano 10k 'ayuda',ayuda cayetano 10k,@emzky0925,ğŸŒ¸Ã¨MÅºğŸŒ¸,Eeeekklabo,Anonymous,12/12,123,31,No Location,baka po naghuhuramentado mga pinoy ayaw maglinis ng kapaligiran kasi till now wait pa rin nila ng 10K na ayuda from cayetano.,Reply (Comment),19,Emotional,0,0,0,Satire
01-22,24/03/23 08:55:15,https://twitter.com/kryteus/status/1595855576369487873,01,"Jallorina, Clyde",GOVT,Sen. Alan Cayetano 10k 'ayuda',ayuda cayetano 10k,@kryteus,rie,life in the making.,Anonymous,7/20,1749,1798,No Location,at ang BOBO NIYO SA PARTE NA BINOTO NIYO NANAMAN SI CAYETANO asan na ang pa ayuda na 10k or 9k sa bawat PAMILYANG PILIPINO? HAHAHAH mga BOBOH,Text,19,Emotional,0,0,0,Satire
01-23,24/03/23 07:52:29,https://twitter.com/BuddyShalamar/status/1597078550263525376,01,"Jallorina, Clyde",GOVT,Sen. Alan Cayetano 10k 'ayuda',ayuda cayetano 10k,@BuddyShalamar,buddy,"i am a good son, a supportive brother, a loyal friend, a devoted lover, a trustworthy colleague, a decadent food addict, and a law-abiding citizen...",Anonymous,1/12,58,21,No Location,NGANGABuhay kamo. Hanggang ngayon asa pa din kayo kasabay ng 10k ayuda ni Cayetano. Five years oa kayong ganyan. Pahi-pahinga din pag may timeğŸ˜‚ğŸ˜‚ğŸ˜‚ğŸ˜‚ğŸ˜‚ğŸ˜‚,Reply (Comment),19,Emotional,0,0,0,Satire
01-24,24/03/23 07:52:28,https://twitter.com/rossvicip/status/1597152943563689984,01,"Jallorina, Clyde",GOVT,Sen. Alan Cayetano 10k 'ayuda',ayuda cayetano 10k,@rossvicip,Ross,A dumping space for my worthless thoughts and opinions away from MARITES RELATIVES ğŸ˜‚ || Just keep breathing.,Anonymous,2/22,34,6,No Location,Or believing sa pangakong 10k na ayuda ni cayetano. Lol,Reply (Comment),19,Emotional,3,0,0,Satire
01-25,02/04/23 06:55:05,https://twitter.com/Dudes35414433/status/1535183182668386304,01,"So, Shane",GOVT,Sen. Alan Cayetano 10k 'ayuda',cayetano 10k ayuda,@Dudes35414433,Dudes,null,Anonymous,10/19,322,128,No Location,Guys yung pangako ni Senator-elect Allan Peter Cayetano na pinangako niyang 10k pesos na ayuda sa bawat Pilipino abangan natin yan kung matutupad niya. Ngayon pinupuna niya yung pangako ni PBBM na 20 pesos na bigas. Mister Senator yung 10k aabangan naming mga Pilipino yan.,Text,18,Emotional,4,0,0,Satire
01-26,02/04/23 04:32:47,https://twitter.com/sksk_skrtt/status/1581852197629095936,01,"Jallorina, Clyde",GOVT,Sen. Alan Cayetano 10k 'ayuda',ayuda cayetano 10k,@sksk_skrtt,skrtt | lubog era ulits,glg x saurs,Anonymous,11/21,99,383,No Location,Bala kayo diyan iniisip ko parin san na napunta ung 10k na ayuda ni cayetano,Text,18,Emotional,0,0,0,Satire
01-27,02/04/23 04:32:46,https://twitter.com/Shane2017_/status/1582348063749771264,01,"Jallorina, Clyde",GOVT,Sen. Alan Cayetano 10k 'ayuda',ayuda cayetano 10k,@Shane2017,Shineâœ¨ğŸ’«ğŸŒ›ğŸŒ,Extra curricular activity ğŸ˜,Anonymous,9/09,176,75,No Location,Kaya nyo rin bang iapa release kay Cayetano ang 10k ayuda and tallano gold asan na? Ang bente pesos na kilo ng bigas? Kaya nyo I convince si PBBM asan na mga pronises nya wag puro party,Reply (Comment),18,Emotional,2,0,0,Satire
01-28,02/04/23 04:32:45,https://twitter.com/carlabrews/status/1584694821628755969,01,"Jallorina, Clyde",GOVT,Sen. Alan Cayetano 10k 'ayuda',ayuda cayetano 10k,@carlabrews,Carla Brews,Only Twitter Account| UPLB| PRO Ph | Narrative lang walang personalan | Coffee Enthusiast | Foodie,Identified,3/22,154,2869,No Location,"Yung mga sinasabihan ako na muka akong pera pero isa don sa sumisigaw ng 10k ayuda ni Cayetano or nag claim ng calamity/salary loan nung pandemic.

Wag impokrito ha? ğŸ˜‚",Text,18,Rational,15,0,0,Satire
01-29,19/04/23 06:50:41,https://twitter.com/HoshiNoFilm/status/1574256260471746565,01,"So, Shane",GOVT,Sen. Alan Cayetano 10k 'ayuda',cayetano 10k ayuda,@HoshiNoFilm,ğŸ’«ã€ ï¼¨ï¼¯ï¼³ï¼¨ï¼© ã€ğŸã€Š#masakitLikod ğŸ‘´ğŸ¼ã€‹ğŸ³,ï¼©ï¼®ï¼¤ï¼©ï¼¥ ï¼¯ï¼°ï¼­ ï¼ ï¼©ï¼¤ï¼¯ï¼¬ ï¼°ï¼¨ï¼¯ï¼´ï¼¯ ï¼¤ï¼µï¼­ï¼°ã€‚,Anonymous,10/09,2026,1231,"Resembool, Amestris",WOW NAMANâ€¦ Sana po di kayo makalimot tulad nung 10k na ayuda na pinangako ni Alan Peter Cayetano ğŸ¤£ğŸ¤£ğŸ¤£,"Text, Reply (comment)",17,Emotional,1,1,0,Satire
01-30,31/03/23 06:57:52,https://twitter.com/SaavedraLloyd/status/1534907337970184192,01,"So, Shane",GOVT,Sen. Alan Cayetano 10k 'ayuda',cayetano 10k ayuda,@SaavedraLloyd,Lloyd Saavedra,null,Anonymous,06/15,49,21,Manila City,kamusta po kaya yung 10k bawat pamilya na ayuda ni sen.cayetano,Reply,17,Emotional,6,0,0,Satire
01-31,19/04/23 06:08:22,https://twitter.com/melmonra/status/1563489855878807552,01,"So, Shane",GOVT,Sen. Alan Cayetano 10k 'ayuda',cayetano 10k ayuda,@melmonra,Meleskie,ğŸ Nature&Music-lover. Love listening to oldies love songs & slowrock songs. Playing tennis for recreation. A retired pvt.employee.,Anonymous,07/20,1822,1720,No Location,Sa laki ng halaga ng kaldero ni Cayetano at pinabili nya baka may nabigyan na nang 10k ayuda na pinangbudol niya sa mga botante.,"Text, Reply (comment)",16,Emotional,2,0,0,Satire
01-32,29/30/23 23:29:21,https://twitter.com/maria47215/status/1557186721519136768,01,"Cantor, Kathryn",GOVT,Sen. Alan Cayetano 10k 'ayuda',ayuda cayetano 10k,@maria47215,ã‚·ãƒ£ãƒãƒ«â¤ï¸,"Great is the LORD, and greatly to be praised; and his greatness is unsearchable. PSALMS 145:3ğŸ™ğŸ»ğŸ“–   CHURCH OF GOD - ACTS 20:28",Anonymous,7/14,3151,1951,Japan,Natawa po ako 10K po na ayuda raw ni alan cayetano ang tawa ko,"Text, Reply",16,Emotional,1,0,0,Satire
01-33,11/03/23 21:17:10,https://twitter.com/dnnelogelo/status/1429455739869794304?s=46&t=XyA1XgR8_NhXCeQyTg_crA,01,"Cantor, Kathryn",GOVT,Sen. Alan Cayetano 10k 'ayuda',ayuda cayetano 10k,@DnNeloGelo,Gelo Esperon,GOD IS GOOD,Anonymous,09/12,250,"24,506",Quezon City,Sinasabi nyo lang yan para makalimutan namin yung pinangako ni peter cayetano na 10k na ayuda.,Text,16,Emotional,741,16,45,Satire
01-34,31/03/23 06:34:59,https://twitter.com/babybea59211498/status/1562977525487529984,01,"So, Shane",GOVT,Sen. Alan Cayetano 10k 'ayuda',cayetano 10k ayuda,@babybea59211498,babybear,"loving caring passionate  smart cuddly  ur baby na virgin pa...  health advocate...  a friend who will ve wu tru tik n tin
",Anonymous,03/20,2469,608,No Location,Bumabalimbing matapos lokohin bobotante ng 10k ayuda..... Nakahiya sa ama nila .nadungisan ng mga anak na tuta ni lucifer... Saan ka nagkulang tatay cayetano..,Reply,16,Emotional,12,0,4,Satire
01-35,17/04/23 14:28:59,https://twitter.com/TessTantrums/status/1563219868060565505,01,"Cantor, Kathryn",GOVT,Sen. Alan Cayetano 10k 'ayuda',ayuda cayetano 10k,@margandako,mariadel,null,Anonymous,06/18,375,162,No Location,"Yung 10K na ayuda ang asikasuhin mo, Cayetano.",Reply (comment),16,Rational,0,0,0,Satire
01-36,02/04/23 07:02:13,https://twitter.com/maria47215/status/1564834155782815744,01,"So, Shane",GOVT,Sen. Alan Cayetano 10k 'ayuda',cayetano 10k ayuda,@maria47215,ã‚·ãƒ£ãƒãƒ«â¤ï¸,"Great is the LORD, and greatly to be praised; and his greatness is unsearchable. PSALMS 145:3ğŸ™ğŸ»ğŸ“–   CHURCH OF GOD - ACTS 20:28",Anonymous,07/14,3150,1949,Japan,Parang cayetano lang 10K ayuda ğŸ˜¢ Mga manloloko alang alang sa power,"Text, Reply (comment)",16,Emotional,3,0,0,Satire
01-37,19/04/23 06:32:38,https://twitter.com/iamEjaeA/status/1550767671594995713,01,"So, Shane",GOVT,Sen. Alan Cayetano 10k 'ayuda',cayetano 10k ayuda,@iamEjaeA,Ejae Alfonso,"Mastery happens when you've practiced so much you can't get it wrong.
Until then, submit to the time necessary.",Anonymous,03/14,1650,725,Republic of the Philippines,"Never voted that guy.  I understand the ""no mutual enemies, only mutual interest"" schtick in politics, but no one is as crass and blatant as Alan ""10k ayuda"" Cayetano.  Hopefully Filipinos are enlightened enough to not even consider voting this guy for the upcoming elections.","Text, Reply (comment)",15,Emotional,2,0,0,Satire
01-38,11/03/23 21:11:15,https://twitter.com/zyitegadgets/status/1542684346095501312?s=46&t=XyA1XgR8_NhXCeQyTg_crA,01,"Cantor, Kathryn",GOVT,Sen. Alan Cayetano 10k 'ayuda',ayuda cayetano 10k,@ZyiteGadgets,Zyite,Zyite is an electronics and Powered transport retailer.,Anonymous,07/13,4823,3484,http://www.zyite.com/,"Cayetano to immediately file 10K Ayuda Bill, wants House version http://dlvr.it/ST8Rzl",Text,15,Rational,0,0,0,Satire
01-39,29/03/23 23:44:41,https://twitter.com/06Skyscraper/status/1543056809690537984,01,"Cantor, Kathryn",GOVT,Sen. Alan Cayetano 10k 'ayuda',ayuda cayetano 10k,@06skyscraper,skyscraper_06,null,Anonymous,3/12,245,25,philippines,dyosko hindi pa ni reveal ang mukha. reveal na yan pra maniwala na tlga ako na may 10k na ayuda ang bawat pilipino galing mismo sa bibig ni cayetanoğŸ˜‚,"Text, Reply",15,Emotional,0,0,0,Satire
01-40,29/03/23 23:44:18,https://twitter.com/TalladaStella/status/1543147212833947648,01,"Cantor, Kathryn",GOVT,Sen. Alan Cayetano 10k 'ayuda',ayuda cayetano 10k,@TalladaStella,stellaTallada@yahoo.com,I'm the best grandmom.,Anonymous,5/22,120,33,No Location,"ETO NA PO... TOTOO NA YATA. TY

Cayetano to push for â‚±10K Ayuda Bill anew in Congress http://cnnphilippines.com/news/2022/7/1/Alan-Peter-Cayetano-10k-ayuda.html?_=1656743824271","Text, Link",15,Emotional,0,0,0,Satire
01-41,30/03/23 18:27:10,https://twitter.com/danricci_/status/1425624312153722881,01,"So, Shane",GOVT,Sen. Alan Cayetano 10k 'ayuda',cayetano 10k ayuda,@danricci_,Juancho M,ğŸ‡µğŸ‡­ğŸ‡¨ğŸ‡¦ğŸ‡¯ğŸ‡µğŸ‡»ğŸ‡³ğŸ‡ºğŸ‡²ğŸ‡¹ğŸ‡­ğŸ‡­ğŸ‡°ğŸ‡¸ğŸ‡¬ğŸ‡²ğŸ‡¾,Anonymous,03/15,288,250,Las PiÃ±as City / Toronto City,"Yes, I change channel whenever i see Cayertano's ads on tv. Sobrang kadiri tlaga! he's bragging about the 10k ayuda for everyone that hasn't even been passed in Congress. It STILL remains a proposal and the actual money that could be given to people remains wishful thinking.",Reply,8,Emotional,7,0,1,Satire
01-42,31/03/23 03:42:04,https://twitter.com/coldfacedavao/status/1424686572746670082,01,"So, Shane",GOVT,Sen. Alan Cayetano 10k 'ayuda',cayetano 10k ayuda,@coldfacedavao,Superfly,null,Anonymous,11/20,1216,1803,No Location,"Kung ang gusto ng mga aktibista ay 10k ayuda, bakit di nila suportahan si Allan Peter Cayetano na nagsusulong ng parehong halaga?",Text,6,Emotional,25,2,4,Satire
01-43,19/04/23 05:29:29,https://twitter.com/pinkespadrilles/status/1425414553555193857,01,"Jallorina, Clyde Courtney",GOVT,Sen. Alan Cayetano 10k 'ayuda',ayuda cayetano 10k,@pinkespadrilles,Santos.MD,"Exist to be happy, not to impress - A",Anonymous,04/09,272,66,No Location,Nagbbigay na ba ng 10k na ayuda si Cayetano? Pwede na sya mag umpisaâ€¦,Text,5,Emotional,0,0,0,Satire
01-44,19/04/23 05:15:59,https://twitter.com/BlujayHannah/status/1426126574525448196,01,"Jallorina, Clyde Courtney",GOVT,Sen. Alan Cayetano 10k 'ayuda',ayuda cayetano 10k,@BlujayHannah,Hannah,null,Anonymous,3/13,64,106,No Location,Tentawzan ayuda kasi gusto niya gawin ni PRD. Eh yung Ayuda for All ng Bayanihan 3 ayaw niya eh 2k per citizen yun. Sa average family of 5 thatâ€™s 10k. Misleading ang political ad ni Alan Peter Tentawzan Cayetano!,Text,5,Rational,2,0,1,Satire
01-45,19/04/23 07:00:58,https://twitter.com/SanaOilMayJowa1/status/1423299862309732360,01,"So, Shane",GOVT,Sen. Alan Cayetano 10k 'ayuda',cayetano 10k ayuda,@SanaOilMayJowa1,AlembongPartylist,Your post is against our community standards. This account will be banned for 365 days to fall in love with me but if you donâ€™tâ€š iâ€™ll set you free.,Anonymous,12/20,574,815,No Location,Iniinggit tayo niyan para makalimutan natin ang pangakong 10k Ayuda ni Allan Peter Cayetano..,"Text, Reply (comment)",2,Emotional,1,1,0,Satire
01-46,30/03/23 18:41:05,https://twitter.com/Geedalee/status/1396474732057305092,01,"So, Shane",GOVT,Sen. Alan Cayetano 10k 'ayuda',cayetano 10k ayuda,@Geedalee,TSEEE!,I can Write therefore I can Read ğŸ˜‚ğŸ˜‚Writer yarn?,Anonymous,07/20,3789,15100,No Location,Bkit paulit ulit yta ang ads ni Cayetano about sa 10K ayuda? ang aga nmng kampanyahan itech!,Text,2,Emotional,48,7,2,Satire
01-47,30/12/99 06:42:21,https://twitter.com/junhwan27/status/1627324048979144705,01,"Jallorina, Clyde",GOVT,Sen. Alan Cayetano 10k 'ayuda',ayuda cayetano 10k,@junhwan27,shannon | SiR BOBBYğŸŒ¸,null,Anonymous,1/21,972,1556,No Location,"hello po mr. alan peter cayetanoğŸ‘‹
di ko pa po nakakalimutan ung pangako mong 10k na ayuda. sana mabigay na, pang concert lang sa ikonğŸ™",Text,22,Emotional,29,1,3,Non-Satire
01-48,24/03/23 07:21:02,https://twitter.com/Pintasero3/status/1618727763699179528,01,"Jallorina, Clyde",GOVT,Sen. Alan Cayetano 10k 'ayuda',ayuda cayetano 10k,@Pintasero3,Pintasero,null,Anonymous,12/16,257,6,No Location,hihintayin ko muna ang 10k ayuda sa bawat pamilya ni cayetano at maging 20 peso na lang ang kilo ng bigas tsaka na ako maniwala sayo hahahahaha,Text,21,Emotional,0,0,0,Non-Satire
01-49,24/03/23 07:52:19,https://twitter.com/KrystelIrisdeC1/status/1601526087821176832,01,"Jallorina, Clyde",GOVT,Sen. Alan Cayetano 10k 'ayuda',ayuda cayetano 10k,@KrystelIrisdeC1,Jomkie's Onie-Ka-iha,"Onie,Vinci,Reyster,Jeromy,Kim,Asi,Ishiro,Marcus,Drei,Jay-R,Thad,Prince
dami dami naman ano nalang ako hahaha #Gangsterforalldreamchasers",Anonymous,11/22,156,182,No Location,Grabe ang saya may ayuda wag na yung 10k ni Cayetano 10k nalang na ganito haha,Reply (Comment),20,Emotional,1,0,0,Non-Satire
01-50,11/03/23 00:05:55,https://twitter.com/medyomasayana/status/1579082782974021638?s=46&t=XyA1XgR8_NhXCeQyTg_crA,01,"Cantor, Kathryn",GOVT,Sen. Alan Cayetano 10k 'ayuda',ayuda cayetano 10k,@medyomasayana,LEY,wag moko kausapin,Anonymous,07/18,318,2797,ss moto beh,antagal naman nung mag jowa andami konang chismis nakita oh baka sa susunod malaman kona bakit walang ayuda na 10k si cayetano,Text,18,Emotional,316,1,4,Non-Satire
01-51,17/04/23 14:31:36,https://twitter.com/totocovy/status/1565948602115313665,01,"Cantor, Kathryn",GOVT,Sen. Alan Cayetano 10k 'ayuda',ayuda cayetano 10k,@totocovy,erik ledesma,Simple energetic,Anonymous,08/21,23,6,No Location,Humihingi kami nang 10k na ayuda.. hahaha.. tanungin mo pa si cayetano..,Reply (comment),17,Emotional,0,0,0,Non-Satire
01-52,17/04/23 14:33:24,https://twitter.com/vivaminimum/status/1567766074321694720,01,"Cantor, Kathryn",GOVT,Sen. Alan Cayetano 10k 'ayuda',ayuda cayetano 10k,@vivaminimum,VIVA Minimun,null,Anonymous,06/22,17,0,No Location,"2 upcoming movies na makakatanggap ka ng 10K na ayuda mula kay sen. alan cayetano pagkatapos mong panoodin. Coming soon in all cinemas nationwide.

{Alt-text image:movie poster of cayetano}","Text, Image",17,Rational,0,1,0,Non-Satire
01-53,17/04/23 14:37:09,https://twitter.com/VI_MBB_Blythe/status/1578358552892035072,01,"Cantor, Kathryn",GOVT,Sen. Alan Cayetano 10k 'ayuda',ayuda cayetano 10k,@VI_MBB_Blythe,"Queens!! Vicey, Blythe, Millie, Jenna, Sadie, Maja",Everything happen for a reason God is always working on his mysterious ways. Vicey Blythe Millie Sadie Jenna Emma Scarlett and Claire loving TayTay and Selena G,Anonymous,08/21,1245,660,Sa ğŸ§¡VI at sa â¤ ni Andrea B,bka nga yung ibang bashers hanggang ngayon umaasa pa rin sa 10k na ayuda ni Allan cayetano hahahaha,Reply (comment),17,Emotional,2,0,0,Non-Satire
01-54,17/04/23 14:45:55,https://twitter.com/juleannskye/status/1569116259421417473,01,"Cantor, Kathryn",GOVT,Sen. Alan Cayetano 10k 'ayuda',ayuda cayetano 10k,@juleannskye,Ara Bueno,"""DUM SPIRO SPERO"" âœ¨",Anonymous,08/11,2004,108,Davao City,"idamay na si Fille tutal Cayetano naman na siya, sa 10k na ayuda ng bawat pamilyang pilipino. HAHAHAHAHAHAHAHA",Reply (quote),17,Emotional,0,0,0,Non-Satire
01-55,17/04/23 14:35:28,https://twitter.com/jsubdnugvj/status/1569342184926892032,01,"Cantor, Kathryn",GOVT,Sen. Alan Cayetano 10k 'ayuda',ayuda cayetano 10k,@jsubdnugvj,Pilosopong Tasyo,Abogado De Makinilya,Anonymous,11/19,447,425,Beyond d IceWall of Antarctica,We also express hope that Cayetanoâ€™s promise of 10k ayuda be fulfilled ğŸ¤£ğŸ˜‚ğŸ¤£,Reply (quote),17,Emotional,1,0,0,Non-Satire
01-56,17/04/23 14:51:24,https://twitter.com/Sam53238748/status/1570980561573007361,01,"Cantor, Kathryn",GOVT,Sen. Alan Cayetano 10k 'ayuda',ayuda cayetano 10k,@Sam53238748,Sam,null,Anonymous,04/19,532,110,Anywhere,Ako mag hintay sa 10k na ayuda ni cayetano. Hahahah,Reply (comment),17,Emotional,0,0,0,Non-Satire
01-57,30/03/23 18:12:56,https://twitter.com/medyomasayana/status/1574387204377702400,01,"So, Shane",GOVT,Sen. Alan Cayetano 10k 'ayuda',cayetano 10k ayuda,@medyomasayana,LEY,wag moko kausapin,Anonymous,07/18,319,2805,ss moto beh,baka sa susunod isise nyo nadin kay angge bakit walang ayuda si cayetano na 10k,Text,17,Emotional,548,13,27,Non-Satire
01-58,31/03/23 07:05:00,https://twitter.com/PisteYA/status/1574390438521233408,01,"So, Shane",GOVT,Sen. Alan Cayetano 10k 'ayuda',cayetano 10k ayuda,@PisteYA,WATDFK,null,Anonymous,07/22,399,395,Jenlisa ft. Baby Aj Ko,ABAAAA PATI YONG PAG PERSONALITY NASISI PA KAY ANGGE HAHAHAHAHAAH  TANGINAAAAAAAA! ASAN NA YONG 10K AYUDA NI CAYETANO? SIGURO NA KAY ANGGE DINğŸ¤£,Text,17,Emotional,5,0,0,Non-Satire
01-59,29/30/23 23:41:15,https://twitter.com/Connflakes_/status/1554681189041983488,01,"Cantor, Kathryn",GOVT,Sen. Alan Cayetano 10k 'ayuda',ayuda cayetano 10k,@Connflakes_,Conn,"cry hard, dance harder
PARAMORE IS BACK",Anonymous,12/18,584,842,No Location,"Hahaha! 
Wala man lang.. in the next six years sana may freedom of speech pa rin, naipamigay na ang 10k ayuda ni Cayetano, nabayaran na ang 200++ billion unpaid tax","Text, Retweet (with comment and picture)",16,Emotional,0,0,0,Non-Satire
01-60,11/03/23 21:11:15,https://twitter.com/paps_caloy/status/1561174123736227840?s=46&t=XyA1XgR8_NhXCeQyTg_crA,01,"Cantor, Kathryn",GOVT,Sen. Alan Cayetano 10k 'ayuda',ayuda cayetano 10k,@Paps_Caloy,Paps Caloy,Laban para sa Bayan ğŸ‘Š,Anonymous,01/18,1712,13582,Pampanga,"1K to 4K na ayuda may mga stampede na.

Pano pa kaya pag ang 10K na ni Cayetano ğŸ¤¦ğŸ¤£",Text,16,Emotional,276,28,23,Non-Satire
01-61,17/04/23 14:13:52,https://twitter.com/up_kyla/status/1561612827185491969,01,"Cantor, Kathryn",GOVT,Sen. Alan Cayetano 10k 'ayuda',ayuda cayetano 10k,@up_kyla,AlphaOneRene,fun loving,Anonymous,02/22,3492,4963,No Location,"Maghintay na lang po tayo sa panahon ni VP Sara sa 10k ayuda ni Sen Cayetano baka sakaling makalusot...
ğŸ¤£ğŸ¤£ğŸ¤£

{Alt-text image:duterte&marcos picture}","Text, Image",16,Emotional,6,1,1,Non-Satire
01-62,17/04/23 14:16:09,https://twitter.com/Essedes_zylen13/status/1561678686843088896,01,"Cantor, Kathryn",GOVT,Sen. Alan Cayetano 10k 'ayuda',ayuda cayetano 10k,@Essedes_zylen13,Herbert amador,Simple,Anonymous,11/21,7,0,No Location,Eh di habulin nyo ung pangako ni cayetano na 10k ayuda...,Reply (comment),16,Emotional,0,0,0,Non-Satire
01-63,17/04/23 14:17:18,https://twitter.com/2KBryant7/status/1562289017101905921,01,"Cantor, Kathryn",GOVT,Sen. Alan Cayetano 10k 'ayuda',ayuda cayetano 10k,@2KBryant7,JP,"ğ•„ğ•’ğ•ğ•¦ğ•„ğ•¦ğ•Ÿğ••ğ•†ğ•œ ğ•œğ•’ğ•¤ğ•’ğ•ğ”¸ â„•ğ•˜ ğ•‚ğ•¨ğ”¸ğ•˜ğ•†ğ•Ÿğ•˜ 
ğ”¾ğ•¨ğ•’ğ•¡ğ•†,ğ•‚ğ•¨ğ•’ğ•˜ğ•† ğ•œğ•’ â„™ğ•’ğ•ƒğ”¸ ğ”¾ğ•¨ğ•’ğ•¡ğ•† ğ•œğ•’ â„™ğ•’ğ•ğ”¸
Member:ğ•‚ğ•’ğ•ğ• ğ•¥ğ•– â„‚ğ•ğ•¦ğ•“ ğ”¸ğ•¤ğ•šğ•’ğŸ¥•",Anonymous,06/22,196,45,kung saan may malalapaganğŸ’­,"@Paps_Caloy
  mali ng pinilahan.
Dapat kay cayetano HAHAHAHA..
@smninews
 
@vicegandako
 @iMthinkingPinoy 10k ayuda para sa lahat hahahahaha..",Reply (retweet),16,Emotional,0,0,0,Non-Satire
01-64,17/04/23 14:20:28,https://twitter.com/MemaLang4life/status/1562354360184872961,01,"Cantor, Kathryn",GOVT,Sen. Alan Cayetano 10k 'ayuda',ayuda cayetano 10k,@MemaLang4life,Mema Lang,"I'm not a Troll, I just started late making my Twitter account this Pandemic, and I do have a lot of shitty things to say about this fucking life",Anonymous,09/21,82,54,No Location,Ung 10k ayuda habulin nyo kay Cayetano... Mga a ulol.,Reply (comment),16,Emotional,2,0,1,Non-Satire
01-65,17/04/23 14:22:48,https://twitter.com/aris9205/status/1562718519481225216?failedScript=vendor,01,"Cantor, Kathryn",GOVT,Sen. Alan Cayetano 10k 'ayuda',ayuda cayetano 10k,@aris9205,aris2022,"Marcos and Duterte supporter.
I hate bias and fake news.
Pink/Yellow idiots are not allowed to comment in my wall.
Pro-government.",Anonymous,07/10,930,443,Bulacan,Doon kayo humingi kay Sen. Alan Cayetano ang 10k PHP ayuda. Siya naman napanukala yan.,Reply (retweet),16,Emotional,2,0,0,Non-Satire
01-66,17/04/23 14:25:55,https://twitter.com/sabiksa_TT/status/1562991387947442178,01,"Cantor, Kathryn",GOVT,Sen. Alan Cayetano 10k 'ayuda',ayuda cayetano 10k,@sabiksa_TT,ALTERnative guy,@lternative,Anonymous,08/16,351,395,No Location,Naku paints cayetano hilig mo sa ganyan yung 6 months nga na pinangako mo walang nangyari saka yung panloloko mong 10k na ayuda nasaan na? Puro ka kasinungalingan!,Reply (comment),16,Emotional,0,0,0,Non-Satire
01-67,29/30/23 23:41:56,https://twitter.com/Jeremielle13/status/1553630796678045698,01,"Cantor, Kathryn",GOVT,Sen. Alan Cayetano 10k 'ayuda',ayuda cayetano 10k,@Jeremielle13,Asawa ni Pablo,"18
One Piece Fan
CassRen.ğŸ’š
A'TIN ğŸ’™
personal account",Anonymous,6/22,135,94,No Location,"Maiinggit kayo. Natanggap ko na po yung 10k ayuda ni Sir Allan Peter Cayetano.ğŸ˜Œ #10kAyuda

{Alt-text image:gcash picture}","Text, Image",16,Emotional,0,0,0,Non-Satire
01-68,19/04/23 07:13:36,https://twitter.com/Esbbar/status/1552992450720911360,01,"So, Shane",GOVT,Sen. Alan Cayetano 10k 'ayuda',cayetano 10k ayuda,@Esbbar,Ladybird53 â¤ï¸ğŸ’š,Hello there ;)),Anonymous,02/12,170,104,No Location,Nakalimutan ni Matet Cayetano Ang pangakong Ayuda Bill 10k sa bawat pamilya ğŸ˜‚,"Text, Reply (comment)",15,Emotional,1,0,0,Non-Satire
01-69,19/04/23 07:13:36,https://twitter.com/Paps_Caloy/status/1552945513510514688,01,"So, Shane",GOVT,Sen. Alan Cayetano 10k 'ayuda',cayetano 10k ayuda,@Paps_Caloy,Paps Caloy,Laban para sa Bayan ğŸ‘Š,Anonymous,01/18,1712,13657,Pampanga,Wag kang Epal. 10K muna ğŸ¤£,"Text, Image",15,Emotional,240,68,39,Non-Satire
01-70,11/03/23 23:43:15,https://twitter.com/alingjoy20/status/1544909488297488384?s=46&t=XyA1XgR8_NhXCeQyTg_crA,01,"Cantor, Kathryn",GOVT,Sen. Alan Cayetano 10k 'ayuda',ayuda cayetano 10k,@alingjoy20,Allen Villaflor | NEW DROP on FND Lone Island,"Photographer | Editor |
Creator of Lone Island |
New kid on the block... chain

Tezos: http://objkt.com/profile/alingjâ€¦
Fnd: http://foundation.app/@alingjoy",Anonymous,12/13,1027,884,Andromeda,"Kada post nalang sa fb, may nanghihingi ng 10k ayuda kay Cayetano haha",Text,15,Emotional,5,4,0,Non-Satire
01-71,29/03/23 23:43:52,https://twitter.com/Dominik73792556/status/1549704975629967360,01,"Cantor, Kathryn",GOVT,Sen. Alan Cayetano 10k 'ayuda',ayuda cayetano 10k,@Dominik73792556,Dominik,cute and honest,Anonymous,9/21,93,105,No Location,"10K ayuda ibigay nadaw Cayetano o !!!hinanap na nila Ang Pangako mo Cayetano !!!nasaan ndaw Ang 10K na pngako mo ??nilomot ndaw!!ğŸ˜‚ğŸ˜‚ğŸ˜‚

{Alt-text image:manila bulletin screenshot picture}","Text, Reply",15,Emotional,0,0,1,Non-Satire
01-72,29/30/23 23:43:23,https://twitter.com/Vinz12366950/status/1550035100355948544,01,"Cantor, Kathryn",GOVT,Sen. Alan Cayetano 10k 'ayuda',ayuda cayetano 10k,@Vinz12366950,Vinz,null,Anonymous,5/21,15,1,No Location,Sinabi mo lang yan kasi hindi ka nabigyan ng 10k ayuda bawat pamilya ni Cayetano!,"Text, Reply",15,Rational,0,1,0,Non-Satire
01-73,29/30/23 23:43:11,https://twitter.com/niwrahd_/status/1550040887253536769,01,"Cantor, Kathryn",GOVT,Sen. Alan Cayetano 10k 'ayuda',ayuda cayetano 10k,@niwrahd_,ğŸ‘£ğŸ‘ It'sMeDharsâ™¥ï¸ğŸ’šğŸ‚,"I am what I am anâ€™ Iâ€™m not ashamed
-Rubeus Hagdrid, Goblet of Fire. | 
Antipolo/Taguig/Bicol | BL Fan | 25 | Security Investor |",Anonymous,4/18,974,992,"National Capital Region, Repub","Inaasahan ng taong bayan ang pangako ni Senador Alan Peter Cayetano na siya ay namimigay ng 10k na ayuda. 
ğŸ˜‚ğŸ˜‚ğŸ˜‚","Text, Retweet (with comment and picture)",15,Emotional,1,0,0,Non-Satire
01-74,29/30/23 23:42:48,https://twitter.com/michellovelee/status/1550086434622939136,01,"Cantor, Kathryn",GOVT,Sen. Alan Cayetano 10k 'ayuda',ayuda cayetano 10k,@michellovelee,Michel Lee,"flies around the world, loves the eccentricity of city life & stillness of the concrete jungle. Music & movies are my interests. Love &  Family my top priority!",Anonymous,5/13,960,661,No Location,"Yan pala kaya mo aksyonan eh 10K pa contest sa estudyante.ğŸ˜ Asan na yon 10K ayuda sa bawat pamilya? ğŸ¤£
#10KAyudaNoMore
#10KessayWritingPala
#Cayetano

{Alt-text image:balita screenshot picture}","Text, Image",15,Emotional,0,0,0,Non-Satire
01-75,29/30/23 23:42:09,https://twitter.com/pseveruss/status/1552428250856833024,01,"Cantor, Kathryn",GOVT,Sen. Alan Cayetano 10k 'ayuda',ayuda cayetano 10k,@pseveruss,eftychia,dont want no other shade of blue but u,Anonymous,5/20,103,71,No Location,kulang kay waay ang 10k nga ayuda ni cayetano,"Text, Reply",15,Emotional,0,1,0,Non-Satire
01-76,11/03/23 00:01:23,https://twitter.com/buratsi5000/status/1552462568505020417?s=46&t=XyA1XgR8_NhXCeQyTg_crA,01,"Cantor, Kathryn",GOVT,Sen. Alan Cayetano 10k 'ayuda',ayuda cayetano 10k,@buratsi5000,buratsi5000,null,Anonymous,03/13,250,13,No Location,"FS: 10k ayuda slot from sen cayetano....500 only
-cash only
-first come first serve",Text,15,Emotional,0,0,0,Non-Satire
01-77,29/30/23 23:41:32,https://twitter.com/austria_rainier/status/1553703816901832704,01,"Cantor, Kathryn",GOVT,Sen. Alan Cayetano 10k 'ayuda',ayuda cayetano 10k,@austria_rainier,Rainier Austria,null,Anonymous,12/21,2,0,No Location,Mas maganda yng ayuda n 10k ni senator cayetano sakalamğŸ˜,"Text, Reply",15,Emotional,0,0,0,Non-Satire
01-78,11/03/23 23:53:02,https://twitter.com/bisayangilokano/status/1534849155293904896?s=46&t=XyA1XgR8_NhXCeQyTg_crA,01,"Cantor, Kathryn",GOVT,Sen. Alan Cayetano 10k 'ayuda',ayuda cayetano 10k,@BisayangIlokano,Freetz,"Cloud Practioner, AWS Certified",Anonymous,09/13,1350,1476,"Philippines, Angeles","ikaw nga nangako ka ng 10k ayuda, oh asan n?

{Alt-text image:cayetano post}","Text, Image",14,Emotional,331,128,71,Non-Satire
01-79,31/03/23 06:21:21,https://twitter.com/mhilchris181979/status/1537077287954554880,01,"So, Shane",GOVT,Sen. Alan Cayetano 10k 'ayuda',cayetano 10k ayuda,@mhilchris181979,R nold,be good to other,Anonymous,10/21,219,4,No Location,Sir gd pm Sana ung pinangako Ng mnga leader nio sa cavite matupad ..at pkisabi Kay peter cayetano wait nmin ung ayuda niang 10k bawat pamilyang pilipino  https://t.co/IfFWELDnrn,"Text, Image",14,Emotional,1,2,0,Non-Satire
01-80,11/03/23 23:58:48,https://twitter.com/missandei82/status/1538139245180866561?s=46&t=XyA1XgR8_NhXCeQyTg_crA,01,"Cantor, Kathryn",GOVT,Sen. Alan Cayetano 10k 'ayuda',ayuda cayetano 10k,@missandei82,ellen dangiwan ablang,"â€¢peRiwinkLeğŸ’™ 
â€¢stitch lOveRğŸ¨
â€¢catlOverğŸ˜º 
â€¢baskEtballğŸ€ 
â€¢tattOoğŸ’ª 
â€¢OptimisticğŸŒ»
â€¢pROud iLOcanağŸ‡µğŸ‡­
â€¢Stephen Curry (NBA)
â€¢Calvin Abueva (PBA)
â€¢Chito Mirandaâ¤",Anonymous,11/21,1810,1438,"The Capital, Kuwait",".ano daw?ğŸ˜ğŸ˜ğŸ˜ cnu ba dito ang umaasa pa rin sa 10k ayuda ni Alan Peter Cayetano sa bawat pamilyang Filipino?ğŸ˜©

{Alt-text image:cayetano picture}","Text, Image",14,Emotional,14,1,5,Non-Satire
01-81,11/03/23 21:26:15,https://twitter.com/philippinepdns/status/1538211374236504064?s=46&t=XyA1XgR8_NhXCeQyTg_crA,01,"Cantor, Kathryn",GOVT,Sen. Alan Cayetano 10k 'ayuda',ayuda cayetano 10k,@PhilippinePDNS,Philippine Daily New Society ğŸ¥,The Country's Greatest Political Satire â€¢ Satire Account | Not a source of factual information,Anonymous,02/22,2191,4244,"Makati City, National Capital","Report: President-Reject Leni Robredo will not attend Sara Duterte's Vice Presidential Inauguration unless Cayetano deposits 10k ayuda directly to her personal account

{Alt-text image: Cayetano with short caption}","Text, Image",14,Rational,42,14,3,Non-Satire
01-82,11/03/23 23:51:32,https://twitter.com/jxxmoriarty/status/1541483596791156736?s=46&t=XyA1XgR8_NhXCeQyTg_crA,01,"Cantor, Kathryn",GOVT,Sen. Alan Cayetano 10k 'ayuda',ayuda cayetano 10k,@jxxmoriarty,Jayce,Only loses because the plot demands it.,Anonymous,11/11,400,418,Down the Rabbit Hole,"*doomscrolling on fb*
*views comments on a post*
""10k na ayuda ni Cayetano""

{Alt-text image:laughing emoji}","Text, Image",14,Emotional,2,0,0,Non-Satire
01-83,11/03/23 21:11:15,https://twitter.com/winwineklabu/status/1541530277284962304?s=46&t=XyA1XgR8_NhXCeQyTg_crA,01,"Cantor, Kathryn",GOVT,Sen. Alan Cayetano 10k 'ayuda',ayuda cayetano 10k,@WinwinEklabu,Mr.Winwin_Situation,"I am proud to be part of ""The 31 Million Strong""",Anonymous,12/15,6461,7069,Metro Manila,"10K Ayuda where na Mr. Alan Peter Cayetano?ğŸ¤­ğŸ¤­

{Alt-text image: Cayetano on a 10k bill}","Text, Image",14,Emotional,59,7,15,Non-Satire
01-84,11/03/23 21:25:23,https://twitter.com/politicsbuster/status/1541798204718452746?s=46&t=XyA1XgR8_NhXCeQyTg_crA,01,"Cantor, Kathryn",GOVT,Sen. Alan Cayetano 10k 'ayuda',ayuda cayetano 10k,@PoliticsBuster,PH Loyalist ver. 2.0,Nambubwisit ng mga DILAWAN at Pa WOKES sa twitter. MASS REPORT PA MORE MGA GUNGGONG!!!,Anonymous,04/19,149,878,Andromeda Galaxy Bar,"Sa wakas, dumating na ang ating ayuda. Salamat powzz Alan Peter Cayetano at nakuha na namin ang pinangako mong 10k na ayuda bawat pamilya.

CTTO:

{Alt-text image: Cayetano on a 10 peso bill}","Text, Image",14,Emotional,35,7,8,Non-Satire
01-85,31/03/23 06:27:41,https://twitter.com/perasperamori/status/1555052920239841280,01,"So, Shane",GOVT,Sen. Alan Cayetano 10k 'ayuda',cayetano 10k ayuda,@perasperamori,j ì œì´ë¯¸ | ğŸ³,"ï½¡ï½¥ï¾Ÿï¾Ÿï½¥ ğ“ğ¨ ğ­ğ¡ğ ğ¬ğ­ğšğ«ğ¬ ğ­ğ¡ğ«ğ¨ğ®ğ ğ¡ ğ¡ğšğ«ğğ¬ğ¡ğ¢ğ©ğ¬ ï¾Ÿï¾Ÿï½¥ï½¡ â€” itsmorissette, na.jaemin0813 & onyourm__ark
",Anonymous,11/20,155,434,No Location,grabe naman andyan ba yung 10k ayuda ni cayetanoğŸ˜…,"Text, Reply (quote tweet)",12,Emotional,0,2,0,Non-Satire
01-86,11/03/23 23:57:18,https://twitter.com/kimmbadbadon/status/1424559052697133063?s=46&t=XyA1XgR8_NhXCeQyTg_crA,01,"Cantor, Kathryn",GOVT,Sen. Alan Cayetano 10k 'ayuda',ayuda cayetano 10k,@itsmemhack87,mark ibanez,ka-UNITEAM. BBMSARA supporter. die hard fan ng GINEBRA ginkings.,Anonymous,04/22,1439,1554,"Manila City, National Capital ","hindi na ako aasa sa mga incentives ko, basta mabigay lang yung 10k na ayuda ni cayetano ğŸ¤£ğŸ˜…ğŸ˜‚",Text,3,Emotional,13,1,1,Non-Satire
01-87,11/03/23 21:19:24,https://twitter.com/moomoorefund/status/1376883734100647939?s=46&t=XyA1XgR8_NhXCeQyTg_crA,01,"Cantor, Kathryn",GOVT,Sen. Alan Cayetano 10k 'ayuda',ayuda cayetano 10k,@MoomooRefund,ILLELLA,Mama mama mooooooo #MAMAMOO #LETLENILEAD #KulayRosasAngBukas ANG NAMULAT DI NA MULING MAPIPIKIT,Anonymous,10/20,202,168,No Location,"Have just seen Alan Peter Cayetano seeking to pass the 10k ayuda bill Ad

ğŸ™ƒ ğŸ™ƒ",Text,1,Emotional,0,0,0,Non-Satire
01-88,11/03/23 21:11:31,https://twitter.com/migstower/status/1627925307750776832?s=46&t=XyA1XgR8_NhXCeQyTg_crA,01,"Cantor, Kathryn",GOVT,Sen. Alan Cayetano 10k 'ayuda',ayuda cayetano 10k,@migstower,migstower #justiceforPercyLapid,"Galit sa Pasista, loves adobo putÃ¬, Sisig, Calderetta, SMB, Empi lights Darts Basketball bedminton!!",Anonymous,03/20,3098,3935,No Location,"Mabuti pa ang mga Senate staff ng mga Cayetano May 50k ayuda! Eh tayong tax payers WALA! Asan na 10k ayuda? #Mr10kAyuda


{Alt-text image: Cayetano with a quote}","Text, Image",22,Emotional,40,10,15,Non-Satire
01-89,24/03/23 07:21:00,https://twitter.com/Jjcruz2/status/1618910961552990210,01,"Jallorina, Clyde",GOVT,Sen. Alan Cayetano 10k 'ayuda',ayuda cayetano 10k,@Jjcruz2,jcco,I am nobody and nothing to brag about.,Anonymous,3/12,5232,7029,No Location,"Haha! Baka daw ksi yun na daw yung pass code pra mabigyan ng ayuda na 10k from Cayetano, Doc. Sayang nman!ğŸ¤­ğŸ˜âœŒï¸",Reply (Comment),21,Emotional,1,0,0,Non-Satire
01-90,31/03/23 06:13:40,https://twitter.com/CristinaAlpha/status/1535764356192952323,01,"So, Shane",GOVT,Sen. Alan Cayetano 10k 'ayuda',cayetano 10k ayuda,@CristinaAlpha,Cristina Alpha,"Be Contended â™¡
",Anonymous,10/21,1714,1536,No Location,Aba tumitirada si CAYETANO regarding sa P20 kilo na BIGAS. Asan na pangako mo na 10k Ayuda sa bawat Pamilya? Wag kami CAYETANO! Napakagaling mo din magsalita. Tumulong kana lang kaya.ğŸ¤¦  https://t.co/JAXEOyXboz,"Text, Image",20,Emotional,11,2,2,Non-Satire
01-91,24/03/23 07:52:26,https://twitter.com/lebronbryant01/status/1600021342543572992,01,"Jallorina, Clyde",GOVT,Sen. Alan Cayetano 10k 'ayuda',ayuda cayetano 10k,@lebronbryant01,ğŸ‘ FOU... FOUğŸ‘,null,Anonymous,8/14,184,1,No Location,"... ohh wait, its sen. Allan Peter ""10k ayuda"" Cayetano... Musta naman pala yung 10k na ayuda niya... It seems nung pagkaupo niya ay nakalimutan na ata niya iyon ğŸ˜…ğŸ˜…ğŸ˜…ğŸ˜…",Reply (Comment),20,Emotional,0,0,0,Non-Satire
01-92,24/03/23 07:52:24,https://twitter.com/ka_abet4you/status/1600145799304089600,01,"Jallorina, Clyde",GOVT,Sen. Alan Cayetano 10k 'ayuda',ayuda cayetano 10k,@ka_abet4you,Brian,"Hardwork beats the negative. Comm major, talent strategist, composer-lyricist and licensed embalmer. Risk taker.

IG Ka Abet Brian Cruz
FB Page Brian Dalandan",Anonymous,1/10,2183,668,No Location,"True nak, andaming ayuda from sen Cayetano hahahaha daig pa 10k hahaha",Reply (Comment),20,Emotional,1,0,0,Non-Satire
01-93,24/03/23 07:52:23,https://twitter.com/AlterCpa19/status/1600784100880965633,01,"Jallorina, Clyde",GOVT,Sen. Alan Cayetano 10k 'ayuda',ayuda cayetano 10k,@AlterCpa19,AlterCPA19,Certified Public Accountant ğŸ’°Gamer ğŸ®Sapiosexual ğŸ“ 5â€™11. Huggable! ğŸ˜‚ ISFJ ğŸ¤“ ğŸŒ¸ğŸ’– Your chubby bunny!,Anonymous,8/19,199,97,No Location,Pia Cayetano walang ambag ever since. Sinama pa ang 10k ayuda ng kapatid niyan Peter na sala sa init sala sa lamig. Pweeee,Reply (Comment),20,Emotional,0,0,0,Non-Satire
01-94,24/03/23 07:52:22,https://twitter.com/archiekins29/status/1600981362370285569,01,"Jallorina, Clyde",GOVT,Sen. Alan Cayetano 10k 'ayuda',ayuda cayetano 10k,@archiekins29,Richard Ruiz,"â€œSo many tweets, so little time.â€ proud to be #AsalKalye",Anonymous,3/12,343,437,No Location,"Weehhh di kami naniniwala! Sige nga pakita mo class records nila.

Chiz, manalo pa kaya sa susunod na eleksyon. Alam naman namin na konti lang Bill nagawa.

Cayetano, nagmamakaawa na huwag na siyang kulitin sa 10K na ayuda na pinangako kaya nanalo.

Leni walang nakitang ebidensya",Reply (Comment),20,Emotional,0,2,0,Non-Satire
01-95,19/04/23 06:47:05,https://twitter.com/gladysdlsrs/status/1596480854469259264,01,"So, Shane",GOVT,Sen. Alan Cayetano 10k 'ayuda',cayetano 10k ayuda,@gladysdlsrs,gladeng,cpa in the making | ã‚»ãƒ«ãƒãƒ¼,Anonymous,07/14,158,276,Selmar's â™¡,hindi ko parin nakalimutan ang pangakong ayuda ni Cayetano na 10k per family,"Text, Reply (comment)",19,Emotional,1,1,0,Non-Satire
01-96,24/03/23 08:55:12,https://twitter.com/gladysdlsrs/status/1596480854469259264,01,"Jallorina, Clyde",GOVT,Sen. Alan Cayetano 10k 'ayuda',ayuda cayetano 10k,@gladysdlsrs,gladeng,cpa in the making | ã‚»ãƒ«ãƒãƒ¼,Anonymous,7/14,157,278,No Location,hindi ko parin nakalimutan ang pangakong ayuda ni Cayetano na 10k per family,Reply (Comment),19,Emotional,1,0,0,Non-Satire
01-97,24/03/23 08:55:11,https://twitter.com/heeeyitsjp/status/1596775001830850560,01,"Jallorina, Clyde",GOVT,Sen. Alan Cayetano 10k 'ayuda',ayuda cayetano 10k,@heeeyitsjp,ğ‘ğ‘ğ‘¢ğ‘™,"he was sunshine, i was midnight rain",Anonymous,11/13,361,384,No Location,"Baka bawat serve daw ni Fille Cayetano may 10k daw na ayuda si Coach Sherwin taccayo ğŸ˜­ğŸ˜­

#PVL2022",Text,19,Emotional,3,0,0,Non-Satire
01-98,31/03/23 06:53:40,https://twitter.com/nancygolimbi/status/1546142006182694913,01,"So, Shane",GOVT,Sen. Alan Cayetano 10k 'ayuda',cayetano 10k ayuda,@nancygolimbi,nancy golimbi,"ALWAYS BELIEVE IN GOD.. AND BE HONEST TO YOURSELF
",Anonymous,06/12,375,96,"kuala lumpur, malaysia",Singilin mo kay Cayetano sa 10k ayuda pota ka ipinangako yan ng Cayetano mo si PBBM indi nangako pero titingnan nya ang kanyang magagawa gago,Reply,18,Emotional,6,0,0,Non-Satire
01-99,24/03/23 08:55:20,https://twitter.com/RolandNiabaf/status/1586193633304514561,01,"Jallorina, Clyde",GOVT,Sen. Alan Cayetano 10k 'ayuda',ayuda cayetano 10k,@RolandNiabaf,Kilusang Bagong Lipunan,â€œI can be changed by what happens to me. But I refuse to be reduced by itâ€.,Anonymous,9/15,182,197,No Location,Gusto kong magsumbong kay Sen. Allan Peter Cayetano na halos araw araw nakikita ko sa mga comment sa socmed yung na unsiyameng 10K na ayudağŸ˜‚,Reply (Comment),18,Emotional,0,0,0,Non-Satire
01-100,17/04/23 14:30:42,https://twitter.com/Andoy2011/status/1565713988838535168,01,"Cantor, Kathryn",GOVT,Sen. Alan Cayetano 10k 'ayuda',ayuda cayetano 10k,@Andoy2011,Andrei Mallen,You Know You Love Me.. XoXo,Anonymous,01/11,110,42,No Location,"Makapagsalita tong Alan Cayetano na to, kala mo nman nabigay nya ung pangako nyang 10k. Itigil na yang ayuda na yan at nagiging tamad lang lalo ang mga Pilipino, turuan sila magtrabaho, nasasayang ang tax na binabayad ko at sa ayuda lng ng ibang tao napupunta! Nyetang yan! ğŸ¤¬ğŸ¤¬",Reply (comment),17,Emotional,0,0,0,Non-Satire
01-101,31/03/23 06:17:18,https://twitter.com/Ignacio76245046/status/1534833424359297025,01,"So, Shane",GOVT,Sen. Alan Cayetano 10k 'ayuda',cayetano 10k ayuda,@Ignacio76245046,IGNACIO NACIO CIO,"MARCOS/ DUTERTE lang tayo.
",Anonymous,01/20,5324,5351,"Lungsod ng Makati, Pambansang ",Makabatikos si CAYETANO asan na Yong 10k Kada pamilya na ayuda.,Text,17,Emotional,11,2,5,Non-Satire
01-102,02/04/23 20:50:51,https://twitter.com/manay_lolit/status/1573647117007998979,01,"So, Shane",GOVT,Sen. Alan Cayetano 10k 'ayuda',cayetano 10k ayuda,@manay_lolit,Manay Lolit,"Fan account for BGYO, BINI, and HORI7ON",Anonymous,11/19,64,2250,No Location,kasalan ni Cayetano to! hanggang ngayon wala pa yung 10k na ayuda.,Text,17,Emotional,2,0,1,Non-Satire
01-103,19/04/23 06:13:35,https://twitter.com/BocoRonald/status/1561692439844233216,01,"So, Shane",GOVT,Sen. Alan Cayetano 10k 'ayuda',cayetano 10k ayuda,@BocoRonald,Ronald Boco Tazarte,"you know my name,but not my story",Anonymous,10/20,633,102,No Location,Magbibigay daw ng ayuda si mayor ..baka matulad yan sa pangako ni Cayetano na 10k...#DarnaIsHere,Text,16,Emotional,2,0,0,Non-Satire
01-104,29/30/23 23:39:50,https://twitter.com/lalisaathinker/status/1557008851853275137,01,"Cantor, Kathryn",GOVT,Sen. Alan Cayetano 10k 'ayuda',ayuda cayetano 10k,@lalisaathinker,Kay,I blink for pinks âš¡ï¸ JKLM,Anonymous,10/18,342,244,No Location,Kailangan ko na ang 10k na ayuda na ipinangako ni Cayetano ğŸ¥¹,"Text, Retweet (with comment and picture)",16,Emotional,0,0,0,Non-Satire
01-105,19/04/23 06:16:52,https://twitter.com/lhycua24/status/1552996936126304257,01,"So, Shane",GOVT,Sen. Alan Cayetano 10k 'ayuda',cayetano 10k ayuda,@lhycua24,â“› â“— â“¨ â“Ÿ â“ â“ â“ â“£ ãƒ„â™¬,"It's LI, not LAY/LIE :) Just an average Lhy tweeting about what ever is on her mind at the time! ğŸ’›âœ¨â­ï¸ğŸŒ¼Tweets a lot â°A person who loves the moon ğŸŒ™",Anonymous,11/09,1012,585,Somewhere down the road,oh ayan may monkeypox na pero wala pa din yung pa 10k na ayuda ni senator Cayetano kada pamilya. ğŸ˜†,"Text, Reply (comment)",15,Emotional,2,0,0,Non-Satire
01-106,29/03/23 23:45:06,https://twitter.com/FranciaGDM/status/1543045352885870593,01,"Cantor, Kathryn",GOVT,Sen. Alan Cayetano 10k 'ayuda',ayuda cayetano 10k,@FranciaGDM,Patricia Francia Lachica,"Reporter for 
@GDMNews
 covering the House of Representatives, education, or everything in between. Covers justice and social movements on the sidelines.",Anonymous,2/22,206,170,ğŸ“©: ptrcfrancia@gmail.com,"Despite some netizens mocking Senator Cayetano's proposed measure, the 10K Ayuda Bill will benefit Filipino families where it may lessen their expenses in buying basic needs amid price increases and may cover unpaid bills due to the COVID-19 pandemic.","Text, Link",15,Transactional,2,0,1,Non-Satire
01-107,29/03/23 23:44:07,https://twitter.com/IT_IS_ME3656/status/1543176839082164224,01,"Cantor, Kathryn",GOVT,Sen. Alan Cayetano 10k 'ayuda',ayuda cayetano 10k,@IT_IS_ME3656,ALAMANO IS NOT MY PRESIDENT.,null,Anonymous,2/22,1970,3411,Doha,Kupal talaga yang Cayetano na yan. Viral yong 10K ayuda niya. Hay talaga yong mga bumoto naman ay naniniwala agad.,"Text, Reply",15,Emotional,1,1,0,Non-Satire
01-108,11/03/23 23:39:20,https://twitter.com/ninyatoshiko/status/1543792624359747584?s=46&t=XyA1XgR8_NhXCeQyTg_crA,01,"Cantor, Kathryn",GOVT,Sen. Alan Cayetano 10k 'ayuda',ayuda cayetano 10k,@ninyatoshiko,Tosh ğŸŒ¸,"start unknown, finish unforgettable. Ù©(à¹‘ `Ğ½Â´à¹‘)Û¶",Anonymous,03/10,489,871,"Dagupan City, Ilocos Region","So sick of seeing these 10k alan cayetano jokes. Instead of waiting for ayuda, seek jobs.",Text,15,Emotional,4,1,0,Non-Satire
01-109,11/03/23 23:40:29,https://twitter.com/zeekamad/status/1547492625510387712?s=46&t=XyA1XgR8_NhXCeQyTg_crA,01,"Cantor, Kathryn",GOVT,Sen. Alan Cayetano 10k 'ayuda',ayuda cayetano 10k,@ZeeKamad,Zeeâœ¨,think less. LIVE MORE | Marketing Major ğŸ‘©ğŸ»â€ğŸ“| Future ğŸ‘®ğŸ»â€â™€ï¸ | 1996 â™ˆ,Anonymous,02/22,996,4520,Republic of the Philippines,Buti pa yung ayuda ni Sen. Imee Marcos napamigay na. Kamusta kaya yun 10k ni Sen. Alan Cayetano? Kelan kaya?,Text,15,Emotional,201,9,30,Non-Satire
01-110,19/04/23 06:36:54,https://twitter.com/Homeboy56581258/status/1538322449288138752,01,"So, Shane",GOVT,Sen. Alan Cayetano 10k 'ayuda',cayetano 10k ayuda,@Homeboy56581258,FERDINANDAYA,"BABY-M LiiT TiTi
Pekesident
MARCOS MAGNANAKAW",Anonymous,02/20,4389,2791,No Location,"Imee arsenia, mas maganda parin ang pangako ni Sir Allan Peter Cayetano ng tig 10k ang matatanggap na ayuda.","Text, Reply (quote tweet)",14,Emotional,2,0,0,Non-Satire
01-111,19/04/23 06:57:39,https://twitter.com/ItssKero/status/1542096250392018949,01,"So, Shane",GOVT,Sen. Alan Cayetano 10k 'ayuda',cayetano 10k ayuda,@ItssKero,ItssKero,"ğŸ‡µğŸ‡­ | Content Creator :D
http://twitch.tv/itsskero",Anonymous,09/21,24,15,No Location,Sabi ni cayetano na mamimigay daw 10k na ayuda per family,"Text, Reply (comment)",14,Emotional,1,1,0,Non-Satire
01-112,19/04/23 07:18:47,https://twitter.com/bingbongbarack/status/1538319694276440064,01,"So, Shane",GOVT,Sen. Alan Cayetano 10k 'ayuda',cayetano 10k ayuda,@bingbongbarack,BongBongBong,"Ironically, the person youâ€™d take a bullet for sometimes ends up being the one behind the gun.",Anonymous,01/22,611,547,No Location,Happy Fatherâ€™s Day to all the fathers out there. Same goes to Senator Alan Cayetano na parang di lalake sa  PANGAKONG AYUDA na 10K bawat pamilya.  May pagkakataon pa na tuparin nyo Sir.,Text,14,Emotional,1,0,0,Non-Satire
01-113,11/03/23 21:16:35,https://twitter.com/iamwhatiam300/status/1535067853019557888?s=46&t=XyA1XgR8_NhXCeQyTg_crA,01,"Cantor, Kathryn",GOVT,Sen. Alan Cayetano 10k 'ayuda',ayuda cayetano 10k,@iamwhatiam300,iamwhatiam,null,Anonymous,02/22,2615,2995,No Location,"The 10K ayuda that Cayetano promised will be his downfall. Imagine dispensing 540 Billion in a year amidst the pandemic, war and threat of financial crisis.",Text,14,Emotional,29,1,11,Non-Satire
01-114,02/04/23 07:12:03,https://twitter.com/bingbongbarack/status/1536223554642931712,01,"So, Shane",GOVT,Sen. Alan Cayetano 10k 'ayuda',cayetano 10k ayuda,@bingbongbarack,BongBongBong,"Ironically, the person youâ€™d take a bullet for sometimes ends up being the one behind the gun.
",Anonymous,01/22,612,549,No Location,"Hey, Alan Peter Cayetano - baka akala mo nakalimutan na namen ang pinangalandakan mong 10K ayuda bawat pamilyang Pilipino. Ano yun, PAGYAYABANG LANG?",Text,14,Emotional,3,0,0,Non-Satire
01-115,02/04/23 04:32:43,https://twitter.com/AnnPatriciagal1/status/1541627055170719745,01,"Jallorina, Clyde",GOVT,Sen. Alan Cayetano 10k 'ayuda',ayuda cayetano 10k,@AnnPatriciagal1,Annriciaâ™¡,;,Anonymous,7/21,12,0,No Location,Sana talaga maaprubahan nato sa kongreso 10k Ayuda ni Sen Alan Cayetano dahil maraming taong bayan ang makikinabang ito .,Reply (Comment),14,Emotional,0,0,0,Non-Satire
01-116,30/03/23 18:45:20,https://twitter.com/RyanLingo_/status/1544303998613610501,01,"So, Shane",GOVT,Sen. Alan Cayetano 10k 'ayuda',cayetano 10k ayuda,@RyanLingo_,Ryan Lingo,Supporter of Unity Red & Green || Anti-Pinklawans || Anti-Toxic Politicians ||,Identified,06/20,2667,6215,Mati,Sabi pa ni AP Cayetano imposible daw yung target ni PBBM na P20/kilo na bigas. Eh yung kanyang 10k na ayuda nga inaamag na wala pa rin kahit ANINO man lang.,Text,13,Emotional,41,1,6,Non-Satire
01-117,02/04/23 07:16:10,https://twitter.com/missandei82/status/1526519568000331778,01,"So, Shane",GOVT,Sen. Alan Cayetano 10k 'ayuda',cayetano 10k ayuda,@missandei82,ellen dangiwan ablang,null,Anonymous,11/21,1806,1432,"The Capital, Kuwait",.awwwğŸ˜© pasok c CayetanoğŸ˜¬ that means tuloy ang 10k Ayuda sa bawat pamilyang Pilipino?ğŸ˜†  ...congrats Robin Padilla! no.1 pa rinâœŒï¸ğŸ‡µğŸ‡­  #Halalan2022  https://t.co/pxZtC14wqZ,"Text, Image",13,Emotional,3,0,0,Non-Satire
01-118,02/04/23 07:13:50,https://twitter.com/just_MarkoMarko/status/1526887623549067264,01,"So, Shane",GOVT,Sen. Alan Cayetano 10k 'ayuda',cayetano 10k ayuda,@just_MarkoMarko,markomarko,BICOLANO-URAG URAGON â™“ğŸŸ,Anonymous,11/20,710,737,No Location,"Waiting sa 10K ayuda sa bawat pamilyang Pilipino ,, Ehem CAYETANO SAAN NA",Text,13,Emotional,3,0,0,Non-Satire
01-119,02/04/23 06:48:58,https://twitter.com/ying991220/status/1527204359968239616,01,"So, Shane",GOVT,Sen. Alan Cayetano 10k 'ayuda',cayetano 10k ayuda,@ying991220,ğŸ€YingğŸŒ¸,mother,Anonymous,10/15,3787,3811,Republic of the Philippines,"Di na ko aasa na ma disqualify si bbm, imposible na yun.   Move on na tayoâ€¦   Focus na tayo sa mga pangako nila -Cayetano 10k ayuda per pamilya.   - BBm20/per kilo bigas  -Unity  Meron pa ba?",Text,13,Emotional,4,1,0,Non-Satire
01-120,02/04/23 07:10:35,https://twitter.com/3rd11_2020/status/1543324431086276608,01,"So, Shane",GOVT,Sen. Alan Cayetano 10k 'ayuda',cayetano 10k ayuda,@3rd11_2020,ğŸ’™PhoenixAZ 2022â¤ï¸ğŸ’šğŸ‡ºğŸ‡¸ğŸ‡µğŸ‡­ğŸ‡ºğŸ‡¦,"By this everyone will know that you are my disciples, if you love one another.â€ John 13:35 BSN OR-ER RN CNOR Specializing in Vascular Surgery",Anonymous,05/15,581,267,No Location,Cayetanoâ€™s 10K ayuda to get voters to vote for him  https://t.co/7iPPdbxETo,"Text, Image",11,Emotional,3,0,0,Non-Satire
01-121,31/03/23 06:11:46,https://twitter.com/GerardArmoca/status/1532245535658082304,01,"So, Shane",GOVT,Sen. Alan Cayetano 10k 'ayuda',cayetano 10k ayuda,@GerardArmoca,Gerard Arcamo,Frelie Ann,Anonymous,09/12,772,843,ParaÃ±aque,"Sa dinami-daming balita ngayon, di ko hahayaang makalimutan yung pangako ni Cayetano na 10k ayuda kada pamilya",Text,10,Emotional,13,0,0,Non-Satire
01-122,02/04/23 07:09:19,https://twitter.com/ApatheticDame/status/1543038617781555201,01,"So, Shane",GOVT,Sen. Alan Cayetano 10k 'ayuda',cayetano 10k ayuda,@ApatheticDame,Ms. P ğŸ¥°ğŸ‡µğŸ‡­,"""SHOW NO EFFORT AND Iâ€™LL SHOW NO INTEREST."" The cherished one (×ª× ×´×š) â¤ï¸ first ray of sun (shqip) â˜€ï¸ â™Šï¸ ğŸ’ â€œBE POSITIVE. BE TRUE. BE KIND.â€ - Roy T. Bennett ğŸ’–",Anonymous,07/13,15207,15442,Perlas ng Silangan ğŸ‡µğŸ‡­,Oh! Loko! Bibitaw-bitaw kasi ng salita. Di naman pala kaya. Tse!,"Text, Image",10,Emotional,194,58,37,Non-Satire
01-123,19/04/23 06:34:20,https://twitter.com/rocktheboat008/status/1543121242462359552,01,"So, Shane",GOVT,Sen. Alan Cayetano 10k 'ayuda',cayetano 10k ayuda,@rocktheboat008,SÎ“ÎLLĞ” MĞ”Ğ¯IÎ â¤ğŸ’š,"So do not fear, for I am with you; do not be dismayed, for I am your God. I will strengthen you and help you. â€“ Isaiah 41:10",Anonymous,06/09,2162,1823,No Location,Yung umaasa sa 10K ayuda wag na nyo asahan mukhang nabudol tayo ni Sen. Allan Cayetano ğŸ˜‚ğŸ˜‚ğŸ˜‚ Isasabatas pa lang akala ko sya mismo mamimigay hahaha!!  https://t.co/u7cIOyW2Vm,"Text, Image",10,Emotional,2,0,0,Non-Satire
01-124,31/03/23 06:44:31,https://twitter.com/MaisConYelo7/status/1531879207504314368,01,"So, Shane",GOVT,Sen. Alan Cayetano 10k 'ayuda',cayetano 10k ayuda,@MaisConYelo7,Corn Carry,null,Anonymous,03/21,216,98,No Location,"Nabudol na naman ba? Narcos, Cupetano, Buterte, Temulla, Tevilla, Carcia! Yan ang hindi dapat pinaniniwalaan! Mambubudol!",Reply,9,Emotional,1,1,0,Non-Satire
01-125,31/03/23 03:33:22,https://twitter.com/Aries0025r/status/1542782383136550912,01,"So, Shane",GOVT,Sen. Alan Cayetano 10k 'ayuda',cayetano 10k ayuda,@Aries0025r,Aries,"SOLID BBMSARA SUPPORTER âœŒğŸ‘Šâ™¥ï¸ğŸ’š
SOLID UNITEAM ğŸ‡µğŸ‡­
BBM is my President âœŒâ™¥ï¸
Sara in my Vice President ğŸ‘ŠğŸ’š",Anonymous,03/22,4157,2666,No Location,Ang tarantadong Cayetano nakabudol na naman ginamit lang yung 10k na ayuda para manalo ang animal. Wala ka naman pa lang ibibgay na 10k proposal pa lang ang put*ğŸ¤£ğŸ–•ğŸ–•ğŸ–•ğŸ–•  https://t.co/MDBGyg9J6a,"Text, Image",9,Emotional,27,14,7,Non-Satire
01-126,31/03/23 07:02:39,https://twitter.com/maria47215/status/1565096911459487744,01,"So, Shane",GOVT,Sen. Alan Cayetano 10k 'ayuda',cayetano 10k ayuda,@maria47215,ã‚·ãƒ£ãƒãƒ«â¤ï¸,"Great is the LORD, and greatly to be praised; and his greatness is unsearchable. PSALMS 145:3ğŸ™ğŸ»ğŸ“–   CHURCH OF GOD - ACTS 20:28
",Anonymous,07/14,3151,1949,Japan,Manloloko po siya at si 10K ayuda cayetano ğŸ˜¢,Reply,9,Emotional,5,1,1,Non-Satire
01-127,02/04/23 06:46:00,https://twitter.com/kentsimi/status/1482553542900473858,01,"So, Shane",GOVT,Sen. Alan Cayetano 10k 'ayuda',cayetano 10k ayuda,@kentsimi,Albert Alvarez,Happiness is my always choice,Anonymous,11/11,503,46,"BiÃ±an, Laguna, Philippines",Masyado nang maingay to si cayetano! Asan na 10k ayuda bawat pamilya!?,Reply,9,Emotional,5,0,0,Non-Satire
01-128,30/03/23 18:20:09,https://twitter.com/jaypeereyes2/status/1425437957171732487,01,"So, Shane",GOVT,Sen. Alan Cayetano 10k 'ayuda',cayetano 10k ayuda,@jaypeereyes2,jaypee reyes,OFW,Anonymous,12/11,371,232,Pasig City,"Mga maagang nangangampanya via Paid TV Ads: Cayetano, Villar, Isko, Binay, Lacson.  Kadiri yung kay Cayetano na Ibinablandra yun daw 10k na ayuda sa Kongreso noon pa at walang kasiguraduhan. Then yung kay Villar na ginamit ang mga batang mahirap on Fatherâ€™s Day.",Text,7,"Rational, Emotional",114,7,34,Non-Satire
01-129,19/04/23 05:00:36,https://twitter.com/BaguioHeraldEx/status/1424625933735002120,01,"Jallorina, Clyde Courtney",GOVT,Sen. Alan Cayetano 10k 'ayuda',ayuda cayetano 10k,@BaguioHeraldEx,Herald Express,We deliver balanced news that matters to you.,Media,12/14,75,128,Baguio City,"Cayetano, Moreno give 10K ayuda to 100 beneficiaries as ECQ approaches...   https://t.co/aq68ubkn5y","Text, URL",5,Rational,0,0,0,Non-Satire
01-130,19/04/23 05:29:33,https://twitter.com/coldfacedavao/status/1424686572746670082,01,"Jallorina, Clyde Courtney",GOVT,Sen. Alan Cayetano 10k 'ayuda',ayuda cayetano 10k,@coldfacedavao,Superfly,In my own opinion...,Anonymous,11/20,1219,1802,No Location,"Kung ang gusto ng mga aktibista ay 10k ayuda, bakit di nila suportahan si Allan Peter Cayetano na nagsusulong ng parehong halaga?",Text,5,Emotional,25,1,4,Non-Satire
01-131,19/04/23 05:29:34,https://twitter.com/raefication/status/1424696472969244674,01,"Jallorina, Clyde Courtney",GOVT,Sen. Alan Cayetano 10k 'ayuda',ayuda cayetano 10k,@raefication,Rae Emmanuel,because your issues in life are my bread and butter. #bearğŸ»,Anonymous,9/10,198,191,Philippines,"Ang problematic ng ads ni Alan Peter Cayetano sa TV. Aside sa it promotes unrealistic promises, it reduces the ordinary Filipinos into beggars na atat sa 10k na ayuda. Not to mention that it is premature campaigning.  Huwag iboto!",Text,5,Emotional,0,0,0,Non-Satire
01-132,19/04/23 05:29:30,https://twitter.com/hh0mie/status/1425067891964059650,01,"Jallorina, Clyde Courtney",GOVT,Sen. Alan Cayetano 10k 'ayuda',ayuda cayetano 10k,@hh0mie,Ho (^_ã£^),"you know i got that supersoaker ğŸ¦ªğŸ’¦ ace gendervoid, no pronouns!! do not refer to me ever",Anonymous,4/14,740,930,No Location,"Napaka credit grabbing nung commercial ni allan peter cayetano na siya daw nagsusulong ng 10k ayuda, totoo ba teh e kung ginamit mo yang pondo mo pang ayuda ha",Text,5,Emotional,5,0,0,Non-Satire
01-133,19/04/23 05:22:25,https://twitter.com/jaypeereyes2/status/1425437957171732487,01,"Jallorina, Clyde Courtney",GOVT,Sen. Alan Cayetano 10k 'ayuda',ayuda cayetano 10k,@jaypeereyes2,jaypee reyes,OFW,Anonymous,12/11,370,230,Pasig,"Mga maagang nangangampanya via Paid TV Ads: Cayetano, Villar, Isko, Binay, Lacson.  Kadiri yung kay Cayetano na Ibinablandra yun daw 10k na ayuda sa Kongreso noon pa at walang kasiguraduhan. Then yung kay Villar na ginamit ang mga batang mahirap on Fatherâ€™s Day.",Text,5,Emotional,114,7,36,Non-Satire
01-134,19/04/23 05:22:24,https://twitter.com/Talases/status/1425776004803354635,01,"Jallorina, Clyde Courtney",GOVT,Sen. Alan Cayetano 10k 'ayuda',ayuda cayetano 10k,@Talases,ğŸœ2ny,It is only with the heart that one can see rightly. What is essential is invisible to the eye.,Anonymous,6/13,566,78,Manila,"Magkano na kaya nagastos ni Allan Peter Cayetano sa TV Ads niya para sa ""10k ayuda bill"" niya? Hmmm.....",Text,5,Emotional,0,0,0,Non-Satire
01-135,19/04/23 05:19:59,https://twitter.com/Mar_Adkins/status/1426002623442808832,01,"Jallorina, Clyde Courtney",GOVT,Sen. Alan Cayetano 10k 'ayuda',ayuda cayetano 10k,@Mar_Adkins,M.A.R.,STAN ACC | ğŸ‡µğŸ‡­ I,Anonymous,11/20,1163,1252,No Location,Gagawa niyo lang siguro yan para makilimutan yung pangako ni cayetano na 10k na ayuda,Reply (Comment),5,Emotional,0,0,0,Non-Satire
01-136,19/04/23 05:13:07,https://twitter.com/hahahajohaha/status/1426818276361850884,01,"Jallorina, Clyde Courtney",GOVT,Sen. Alan Cayetano 10k 'ayuda',ayuda cayetano 10k,@hahahajohaha,Joni,"Corn on the cob, but instead of the corn bone itâ€™s a hotdog / thoughts are my own.",Anonymous,8/17,170,194,UPM,Ang virginity hindi totoo. Gawa-gawa lang yan para makalimutan natin yung 10k ayuda ni Alan Peter Cayetano.,Text,5,Emotional,0,0,0,Non-Satire
01-137,19/04/23 05:10:03,https://twitter.com/iorbitnews/status/1426880131155447809,01,"Jallorina, Clyde Courtney",GOVT,Sen. Alan Cayetano 10k 'ayuda',ayuda cayetano 10k,@iorbitnews,iOrbitNews Online,News at your fingertips,Media,5/16,167,238,No Location,Cayetano to govâ€™t: Approve 10K Ayuda to prevent another surge - https://t.co/O02w9v6MuZ,"Text, URL",5,Rational,0,0,0,Non-Satire
01-138,19/04/23 05:07:21,https://twitter.com/chsloverrr/status/1427223835569377283,01,"Jallorina, Clyde Courtney",GOVT,Sen. Alan Cayetano 10k 'ayuda',ayuda cayetano 10k,@chsloverrr,Miya,Treasure ğŸ’,Anonymous,7/21,138,63,No Location,Pinost q toh para makalimutan ko 'yung 10k na pa ayuda ni alan peter cayetano ğŸ˜¥ğŸ˜¥ğŸ˜¥ğŸ˜¥ğŸ˜¥ğŸ˜¥,Text,5,Emotional,0,0,0,Non-Satire
01-139,19/04/23 05:00:37,https://twitter.com/ElWreck_tangle/status/1427226058080735237,01,"Jallorina, Clyde Courtney",GOVT,Sen. Alan Cayetano 10k 'ayuda',ayuda cayetano 10k,@ElWreck_tangle,Juls,"ifthisisthereality,imnotinterested",Anonymous,11/17,15,42,No Location,Natatawa talaga ako s akampanya ni Cayetano. Hyzxx wala lang. 10k ayuda for allxcz,Text,5,Emotional,0,0,0,Non-Satire
01-140,19/04/23 04:55:58,https://twitter.com/jeaannetteserna/status/1427581865926348807,01,"Jallorina, Clyde Courtney",GOVT,Sen. Alan Cayetano 10k 'ayuda',ayuda cayetano 10k,@jeaannetteserna,J ğŸ“¸,"Rainy 1993. A woman cries in St. Dominic hospital, then a childs cry answers. Some says it was a divine intervention, others, a cruel experiment. I am born.",Anonymous,4/10,182,159,Bataan,Hinahanap ko pa din kung saan kukuhanin ni Cayetano yung 10k na ayuda sa bawat Pilipino kasi kami kahit 1k waley ğŸ˜†,Text,5,Emotional,0,1,0,Non-Satire
01-141,19/04/23 04:54:20,https://twitter.com/badongskie6/status/1427585273072807946,01,"Jallorina, Clyde Courtney",GOVT,Sen. Alan Cayetano 10k 'ayuda',ayuda cayetano 10k,@badongskie6,akosiogie,galit sa mga salot ng bayan.,Anonymous,11/20,310,186,No Location,"Mr Allan cayetano  10k ayuda  ba kamo. Bagay eleksyon kaya lahat kayang ipangako.  Di nako magtatrabho  tutal ang yabang ng 10k ayuda MO.  Bakit PA magtrabaho. Tama ba Allan ang Tanga Lang naman ng naisip MO. @PTVph
 @RealMochaUson
 @DDSBBM",Text,5,Emotional,0,0,0,Non-Satire
01-142,19/04/23 04:51:42,https://twitter.com/ranivrojo/status/1427811801366888448,01,"Jallorina, Clyde Courtney",GOVT,Sen. Alan Cayetano 10k 'ayuda',ayuda cayetano 10k,@ranivrojo,Raniv D. Rojo,"Physician x Scientist in-training @ UP Manila | Tweets about life, medicine, science, education, and politics.",Anonymous,05/09,780,994,Manila,"Allan Peter Cayetano & his 10k Ayuda ads is a fine example of shameless political maneuvering.

He should've judt used the millions used on those ads as aid if intent is to help. But, he really just wants his face plastered all over your screens for his next run for office.",Text,5,Emotional,2,0,0,Non-Satire
01-143,19/04/23 04:47:08,https://twitter.com/senseigab/status/1427991735393656832,01,"Jallorina, Clyde Courtney",GOVT,Sen. Alan Cayetano 10k 'ayuda',ayuda cayetano 10k,@senseigab,Wilfred Gabriel Gapas (Gab),"he/they ğŸ³ï¸â€ğŸŒˆ â€¢ English and Applied #Linguistics Instructor at UST Manila â€¢ Project manager of @tclinguistics
 â€¢ Politically vocal but views here are mine.",Anonymous,12/17,706,604,Manila,"I know maraming aktibistang pinaglalaban ang 10k na ayuda lalo na para sa magsasaka, pero siguro kailangan mas malinaw at may specific details sila to set them apart from a creature trying to promote the same thing through TV ads.

Itago natin sa pangalang Alan Peter Cayetano.",Text,5,Emotional,1,0,0,Non-Satire
01-144,19/04/23 04:47:06,https://twitter.com/inahreads/status/1428678061751296003,01,"Jallorina, Clyde Courtney",GOVT,Sen. Alan Cayetano 10k 'ayuda',ayuda cayetano 10k,@inahreads,inah ğŸŒ¸,"Blogger at Fueled By Chapters | Co-Founder of #BookwormsUnitePH | Books, K-Drama, Pop Culture | she/they",Anonymous,05/14,918,1743,No Location,"binay - book promo ad â€œsya langâ€¦â€
cayetano - 10k ayuda ad
villar - fatherâ€™s day ad
panelo - yung ad nyang mukha syang turtle haha
grace poe - fpj related ad (kaloka si madam ginamit na naman tatay nya)",Reply (comment),5,Rational,0,1,1,Non-Satire
01-145,19/04/23 04:47:04,https://twitter.com/maEUNnaiseee/status/1429434923836870657,01,"Jallorina, Clyde Courtney",GOVT,Sen. Alan Cayetano 10k 'ayuda',ayuda cayetano 10k,@maEUNnaiseee,E,"personal account since 2010. 
#iKON 
#TREASURE 
#BIGBANG 
#2NE1",Anonymous,09/10,489,723,Green City,"HAAAAAYY NAKO ALING MARITES! SAKIT MO SA BANGS! KAHIT WALA NA AKONG BANGS!
DAMI PINAPAKIALAMAN SA BUHAY! AT SI DARA PA TALAGA AAH! KAPAL NG MUKHA MO! SIGURO DI NAKATANGGAP NG PANGAKO 10K NA AYUDA NI CAYETANO. MANAHIMIK KA! DI KQ BLACKJACK NA TUNAY. PWE!",Reply (quote),5,Emotional,0,0,0,Non-Satire
01-146,19/04/23 04:47:03,https://twitter.com/DnNeloGelo/status/1429455739869794304,01,"Jallorina, Clyde Courtney",GOVT,Sen. Alan Cayetano 10k 'ayuda',ayuda cayetano 10k,@DnNeloGelo,Gelo Esperon,GOD IS GOOD,Anonymous,09/12,250,24379,Quezon City,Sinasabi nyo lang yan para makalimutan namin yung pinangako ni peter cayetano na 10k na ayuda.,Text,5,Emotional,744,7,45,Non-Satire
01-147,31/03/23 06:39:24,https://twitter.com/szxchnv/status/1417712732208459777,01,"So, Shane",GOVT,Sen. Alan Cayetano 10k 'ayuda',cayetano 10k ayuda,@szxchnv,closed.,null,Anonymous,12/20,352,677,No Location,ang internet love ay gawa gawa lang ng gobyerno para makalimutan natin ang sinabi ni cayetano na 10k na ayuda sa bawat pamilyang pilipino,Text,4,Emotional,12,0,2,Non-Satire
01-148,02/04/23 06:51:26,https://twitter.com/attyfrancis1/status/1406136472806195210,01,"So, Shane",GOVT,Sen. Alan Cayetano 10k 'ayuda',cayetano 10k ayuda,@attyfrancis1,Mikhael Corleone- parody,"Never hate your enemies, it affects your judgment. Leave the gun, take the canolli.",Anonymous,02/20,620,2919,No Location,Meron na ba 10k na ayuda si Cayetano?  Di pa nakakarating sa amin. Personal money niya? Sana all! ğŸ¤£ğŸ¤£ğŸ¤£,"Text, Reply (comment)",3,Emotional,4,1,0,Non-Satire
01-149,02/04/23 06:57:47,https://twitter.com/SerFarEnHeight/status/1379026412770762752,01,"So, Shane",GOVT,Sen. Alan Cayetano 10k 'ayuda',cayetano 10k ayuda,@SerFarEnHeight,Solcrates ğŸ§ ,"I'm the future, I'm the relic, 
I'm the 'not there yet.'",Anonymous,07/16,266,91,"Taguig City, National Capital",Awat na Allan Peter Cayetano. Saan mo kukunin yang 10k ayuda? Ipapakilo mo na ba ang 'symbolical' kaldero?,Text,2,Emotional,3,1,0,Non-Satire
01-150,31/03/23 06:51:12,https://twitter.com/ReySingcoy/status/1397145870638804999,01,"So, Shane",GOVT,Sen. Alan Cayetano 10k 'ayuda',cayetano 10k ayuda,@ReySingcoy,Zombie Mode,null,Anonymous,02/20,498,476,No Location,May twitter acct ba si cayetano? Potaenang yun lakas mambola sa 10k ayuda. Sabihan ko sana hinayupak na yan na sana yung ads nya ginamit na lang nya pang ayuda. Kada spot sa tv ads lalo na primetime almost 1M na yan. Ang daming 10k ayuda yan.,Text,2,Emotional,7,0,0,Non-Satire